Date,IOC_Type,IOC,Description
2026-09-20,domain,vumevapo.host,phishing/malware campaign using social engineering
2026-09-20,email address,adele@ikeoni.com,phishing/malware campaign using headers fencing
2026-09-20,email address,agatha@fmvesuvius.com,phishing/malware campaign using headers fencing
2026-09-20,email address,alwyn@plumeria-bf-salon.com,phishing/malware campaign using headers fencing
2026-09-20,email address,anni@totec-validation.jp,phishing/malware campaign using headers fencing
2026-09-20,email address,barban00@btinternet.jp,phishing/malware campaign using social engineering
2026-09-20,email address,clair@yumekano-esthe.com,phishing/malware campaign using headers fencing
2026-09-20,email address,hermia@rehomerafuteru.jp,phishing/malware campaign using headers fencing
2026-09-20,email address,jean-roch@howmuch-joho.com,phishing/malware campaign using headers fencing
2026-09-20,email address,madlin@2ndhome.co.jp,phishing/malware campaign using headers fencing
2026-09-20,email address,mounir@itazuke.jp,phishing/malware campaign using headers fencing
2026-09-20,email address,verile@ritemas.jp,phishing/malware campaign using headers fencing
2026-09-20,url,https://aexshorthoaod.05cy1a.info/2ymmlo/hepe,phishing/malware campaign using headers fencing
2026-09-20,url,https://aexshorthoaod.05cy1a.info/stream/live,phishing/malware campaign using headers fencing
2026-09-20,url,https://aexshorthodod.0sz6ns.info/2ymmlo/hepe,phishing/malware campaign using headers fencing
2026-09-20,url,https://aexshorthoeod.cut68d.info/2ymmlo/hepe,phishing/malware campaign using headers fencing
2026-09-20,url,https://aexshorthofod.27rgqd.info/2ymmlo/hepe,phishing/malware campaign using headers fencing
2026-09-20,url,https://aexshorthogod.eg9ceu.info/2ymmlo/hepe,phishing/malware campaign using headers fencing
2026-09-20,url,https://aexshorthohod.c86k4i.info/2ymmlo/hepe,phishing/malware campaign using headers fencing
2026-09-20,url,https://aexshorthojod.jk301o.info/2ymmlo/hepe,phishing/malware campaign using headers fencing
2026-09-20,url,https://aexshorthokod.5yjfdf.info/2ymmlo/hepe,phishing/malware campaign using headers fencing
2026-09-20,url,https://aexshortholod.ni4s8u.info/2ymmlo/hepe,phishing/malware campaign using headers fencing
2026-09-20,url,https://aexshorthood.cactx5.info/2ymmlo/hepe,phishing/malware campaign using headers fencing
2026-09-20,url,https://aexshorthooid.bffqy9.info/2ymmlo/hepe,phishing/malware campaign using headers fencing
2026-09-20,url,https://aexshorthoord.5om59q.info/2ymmlo/hepe,phishing/malware campaign using headers fencing
2026-09-20,url,https://aexshorthoqod.d18jae.info/2ymmlo/hepe,phishing/malware campaign using headers fencing
2026-09-20,url,https://aexshorthotod.ay4p28.info/2ymmlo/hepe,phishing/malware campaign using headers fencing
2026-09-20,url,https://aexshorthouod.z29x5o.info/2ymmlo/hepe,phishing/malware campaign using headers fencing
2026-09-20,url,https://aexshorthowod.bs8i0n.info/2ymmlo/hepe,phishing/malware campaign using headers fencing
2026-09-20,url,https://aexshorthoyod.7kflby.info/2ymmlo/hepe,phishing/malware campaign using headers fencing
2026-09-20,url,https://popevolow.z14.web.core.windows.net/olx33/,phishing/malware campaign using social engineering
2026-09-20,url,https://sopevebig.z12.web.core.windows.net/z87jbzz1j/,phishing/malware campaign using social engineering
2026-09-20,url,https://tiyodiwav.z20.web.core.windows.net/o88n2mo/,phishing/malware campaign using social engineering
2026-09-20,url,https://vumevapo.host/2pn4n7g5,phishing/malware campaign using social engineering
2026-09-20,url,https://wufewudo.z43.web.core.windows.net/z80mw/,phishing/malware campaign using social engineering
2026-09-20,url,https://yosubuva.z1.web.core.windows.net/pd3eo/,phishing/malware campaign using social engineering
2026-09-20,url,https://zucetalod.z22.web.core.windows.net/wc4vn9vdwz/,phishing/malware campaign using social engineering
2026-09-21,domain,31thbi.info,phishing/malware campaign using headers fencing
2026-09-21,domain,331bci.info,phishing/malware campaign using headers fencing
2026-09-21,domain,7mgpze.info,phishing/malware campaign using headers fencing
2026-09-21,domain,8ata02.info,phishing/malware campaign using headers fencing
2026-09-21,domain,8g0cia.info,phishing/malware campaign using headers fencing
2026-09-21,domain,anwqgi.info,phishing/malware campaign using headers fencing
2026-09-21,domain,athoen.info,phishing/malware campaign using headers fencing
2026-09-21,domain,azn8gq.info,phishing/malware campaign using headers fencing
2026-09-21,domain,bdjxkicm.info,phishing/malware campaign using headers fencing
2026-09-21,domain,bdjxnasj.info,phishing/malware campaign using headers fencing
2026-09-21,domain,bdjxokex.info,phishing/malware campaign using headers fencing
2026-09-21,domain,bdjxpbub.info,phishing/malware campaign using headers fencing
2026-09-21,domain,bdjxxfte.info,phishing/malware campaign using headers fencing
2026-09-21,domain,bngta.info,phishing/malware campaign using headers fencing
2026-09-21,domain,bzqztvx.info,phishing/malware campaign using headers fencing
2026-09-21,domain,cdrzkvn.info,phishing/malware campaign using headers fencing
2026-09-21,domain,chktxw.info,phishing/malware campaign using headers fencing
2026-09-21,domain,cinm32.info,phishing/malware campaign using headers fencing
2026-09-21,domain,ddm1tk.info,phishing/malware campaign using headers fencing
2026-09-21,domain,dscgbu.info,phishing/malware campaign using headers fencing
2026-09-21,domain,eimrncv.info,phishing/malware campaign using headers fencing
2026-09-21,domain,eqihvl.info,phishing/malware campaign using headers fencing
2026-09-21,domain,f26q1r.info,phishing/malware campaign using headers fencing
2026-09-21,domain,fij5fu.info,phishing/malware campaign using headers fencing
2026-09-21,domain,fiyws.info,phishing/malware campaign using headers fencing
2026-09-21,domain,fufdwef.info,phishing/malware campaign using headers fencing
2026-09-21,domain,fykiqk.info,phishing/malware campaign using headers fencing
2026-09-21,domain,gpzuxj.info,phishing/malware campaign using headers fencing
2026-09-21,domain,grclix.info,phishing/malware campaign using headers fencing
2026-09-21,domain,h35j83.info,phishing/malware campaign using headers fencing
2026-09-21,domain,hjbyxo.info,phishing/malware campaign using headers fencing
2026-09-21,domain,hmejnq.info,phishing/malware campaign using headers fencing
2026-09-21,domain,hnbrar.info,phishing/malware campaign using headers fencing
2026-09-21,domain,hssjvhg.info,phishing/malware campaign using headers fencing
2026-09-21,domain,hzasnoz.info,phishing/malware campaign using headers fencing
2026-09-21,domain,ibxga.info,phishing/malware campaign using headers fencing
2026-09-21,domain,intfzz.info,phishing/malware campaign using headers fencing
2026-09-21,domain,iuiva.info,phishing/malware campaign using headers fencing
2026-09-21,domain,j6ahnk.info,phishing/malware campaign using headers fencing
2026-09-21,domain,jtqmbr.info,phishing/malware campaign using headers fencing
2026-09-21,domain,kiuhgfr.info,phishing/malware campaign using headers fencing
2026-09-21,domain,kribhq.info,phishing/malware campaign using headers fencing
2026-09-21,domain,krogk6.info,phishing/malware campaign using headers fencing
2026-09-21,domain,krxtju.info,phishing/malware campaign using headers fencing
2026-09-21,domain,kt07ym.info,phishing/malware campaign using headers fencing
2026-09-21,domain,lklebb.info,phishing/malware campaign using headers fencing
2026-09-21,domain,m4a167.info,phishing/malware campaign using headers fencing
2026-09-21,domain,mcuub.info,phishing/malware campaign using headers fencing
2026-09-21,domain,mrstbye.info,phishing/malware campaign using headers fencing
2026-09-21,domain,mtrnskc.info,phishing/malware campaign using headers fencing
2026-09-21,domain,myvsiw.info,phishing/malware campaign using headers fencing
2026-09-21,domain,nbvkwk.info,phishing/malware campaign using headers fencing
2026-09-21,domain,nrgzae.info,phishing/malware campaign using headers fencing
2026-09-21,domain,o2vhu6.info,phishing/malware campaign using headers fencing
2026-09-21,domain,okxybw.info,phishing/malware campaign using headers fencing
2026-09-21,domain,pefudgs.info,phishing/malware campaign using headers fencing
2026-09-21,domain,pkkik.info,phishing/malware campaign using headers fencing
2026-09-21,domain,rt34rk.info,phishing/malware campaign using headers fencing
2026-09-21,domain,spasdbd.info,phishing/malware campaign using headers fencing
2026-09-21,domain,srdpoay.info,phishing/malware campaign using headers fencing
2026-09-21,domain,u0fnd.info,phishing/malware campaign using headers fencing
2026-09-21,domain,udpxlx.info,phishing/malware campaign using headers fencing
2026-09-21,domain,ufyfjo.info,phishing/malware campaign using headers fencing
2026-09-21,domain,ughf5v.info,phishing/malware campaign using headers fencing
2026-09-21,domain,vfddlf.info,phishing/malware campaign using headers fencing
2026-09-21,domain,vkbbwrm.info,phishing/malware campaign using headers fencing
2026-09-21,domain,vlmars.info,phishing/malware campaign using headers fencing
2026-09-21,domain,vtrrdpb.info,phishing/malware campaign using headers fencing
2026-09-21,domain,wijfawd.info,phishing/malware campaign using headers fencing
2026-09-21,domain,wp1xbd.info,phishing/malware campaign using headers fencing
2026-09-21,domain,wtfedco.info,phishing/malware campaign using headers fencing
2026-09-21,domain,xeduvt.info,phishing/malware campaign using headers fencing
2026-09-21,domain,xiiuhsr.info,phishing/malware campaign using headers fencing
2026-09-21,domain,xirjepx.info,phishing/malware campaign using headers fencing
2026-09-21,domain,xuffe.info,phishing/malware campaign using headers fencing
2026-09-21,domain,xvbks7.info,phishing/malware campaign using headers fencing
2026-09-21,domain,xvf25w.info,phishing/malware campaign using headers fencing
2026-09-21,domain,y13e97.info,phishing/malware campaign using headers fencing
2026-09-21,domain,y8kk2x.info,phishing/malware campaign using headers fencing
2026-09-21,domain,yiwqwyj.info,phishing/malware campaign using headers fencing
2026-09-21,domain,yvu43c.info,phishing/malware campaign using headers fencing
2026-09-21,domain,ywvhtrc.info,phishing/malware campaign using headers fencing
2026-09-21,domain,zdmeevv.info,phishing/malware campaign using headers fencing
2026-09-21,domain,zdytqb.info,phishing/malware campaign using headers fencing
2026-09-21,domain,zkewftu.info,phishing/malware campaign using headers fencing
2026-09-21,email address,gianna@gift-trade.co.jp,phishing/malware campaign using headers fencing
2026-09-21,email address,piroska@mugidental.com,phishing/malware campaign using headers fencing
2026-09-21,ip address,43.165.177.157,phishing/malware campaign using headers fencing
2026-09-21,url,https://asoiaksonc.zdytqb.info/H80AoO,phishing/malware campaign using headers fencing
2026-09-21,url,https://asoiaosonc.myvsiw.info/H80AoO,phishing/malware campaign using headers fencing
2026-09-21,url,https://asoiarsoenc.hssjvhg.info/H80AoO,phishing/malware campaign using headers fencing
2026-09-21,url,https://asoiasojnc.fykiqk.info/H80AoO,phishing/malware campaign using headers fencing
2026-09-21,url,https://asoiasonc.bdjxnasj.info/H80AoO,phishing/malware campaign using headers fencing
2026-09-21,url,https://asoiasonc.bzqztvx.info/H80AoO,phishing/malware campaign using headers fencing
2026-09-21,url,https://asoiasonc.xeduvt.info/H80AoO,phishing/malware campaign using headers fencing
2026-09-21,url,https://asoiasondc.ibxga.info/H80AoO,phishing/malware campaign using headers fencing
2026-09-21,url,https://asoiastonc.nrgzae.info/H80AoO,phishing/malware campaign using headers fencing
2026-09-21,url,https://asoiasvonc.dscgbu.info/H80AoO,phishing/malware campaign using headers fencing
2026-09-21,url,https://asoiasyonc.bdjxkicm.info/H80AoO,phishing/malware campaign using headers fencing
2026-09-21,url,https://asoiiasonc.bdjxokex.info/H80AoO,phishing/malware campaign using headers fencing
2026-09-21,url,https://asoionc.bdjxpbub.info/H80AoO,phishing/malware campaign using headers fencing
2026-09-21,url,https://blueress.zdmeevv.info/H80AoO,phishing/malware campaign using headers fencing
2026-09-21,url,https://boardress.gpzuxj.info/H80AoO,phishing/malware campaign using headers fencing
2026-09-21,url,https://bornage.spasdbd.info/H80AoO,phishing/malware campaign using headers fencing
2026-09-21,url,https://canrsa.31thbi.info/H80AoO,phishing/malware campaign using headers fencing
2026-09-21,url,https://classwise.xuffe.info/H80AoO,phishing/malware campaign using headers fencing
2026-09-21,url,https://clinocall.okxybw.info/H80AoO,phishing/malware campaign using headers fencing
2026-09-21,url,https://create.athoen.info/H80AoO,phishing/malware campaign using headers fencing
2026-09-21,url,https://financialate.fij5fu.info/H80AoO,phishing/malware campaign using headers fencing
2026-09-21,url,https://functial.ufyfjo.info/H80AoO,phishing/malware campaign using headers fencing
2026-09-21,url,https://i2or.bngta.info/H80AoO,phishing/malware campaign using headers fencing
2026-09-21,url,https://kaiduid.eqihvl.info/H80AoO,phishing/malware campaign using headers fencing
2026-09-21,url,https://kaiender.lklebb.info/H80AoO,phishing/malware campaign using headers fencing
2026-09-21,url,https://kailiberly.vfddlf.info/H80AoO,phishing/malware campaign using headers fencing
2026-09-21,url,https://kaimilitysile.udpxlx.info/H80AoO,phishing/malware campaign using headers fencing
2026-09-21,url,https://kaisedecaceus.kribhq.info/H80AoO,phishing/malware campaign using headers fencing
2026-09-21,url,https://kaitorpeship.yygnms.info/stream/live,phishing/malware campaign using headers fencing
2026-09-21,url,https://kaiverieur.vlmars.info/H80AoO,phishing/malware campaign using headers fencing
2026-09-21,url,https://kaivivheatfy.grclix.info/H80AoO,phishing/malware campaign using headers fencing
2026-09-21,url,https://lubricality.hnbrar.info/H80AoO,phishing/malware campaign using headers fencing
2026-09-21,url,https://mortite.8ata02.info/H80AoO,phishing/malware campaign using headers fencing
2026-09-21,url,https://pneufearar.kiuhgfr.info/H80AoO,phishing/malware campaign using headers fencing
2026-09-21,url,https://rhigcrimelet.chktxw.info/H80AoO,phishing/malware campaign using headers fencing
2026-09-21,url,https://sacoastlet.intfzz.info/H80AoO,phishing/malware campaign using headers fencing
2026-09-21,url,https://sacoistlet.srdpoay.info/H80AoO,phishing/malware campaign using headers fencing
2026-09-21,url,https://saconstlet.hmejnq.info/H80AoO,phishing/malware campaign using headers fencing
2026-09-21,url,https://sacoostlet.ywvhtrc.info/H80AoO,phishing/malware campaign using headers fencing
2026-09-21,url,https://sacorstlet.krxtju.info/H80AoO,phishing/malware campaign using headers fencing
2026-09-21,url,https://sacosbtlet.eimrncv.info/H80AoO,phishing/malware campaign using headers fencing
2026-09-21,url,https://sacoscztlet.xirjepx.info/H80AoO,phishing/malware campaign using headers fencing
2026-09-21,url,https://sacostelet.hjbyxo.info/H80AoO,phishing/malware campaign using headers fencing
2026-09-21,url,https://sacoustlet.vtrrdpb.info/H80AoO,phishing/malware campaign using headers fencing
2026-09-21,url,https://sacoyrstlet.cdrzkvn.info/H80AoO,phishing/malware campaign using headers fencing
2026-09-21,url,https://sacpostlet.xiiuhsr.info/H80AoO,phishing/malware campaign using headers fencing
2026-09-21,url,https://sacstlet.mtrnskc.info/H80AoO,phishing/malware campaign using headers fencing
2026-09-21,url,https://sactostlet.wtfedco.info/H80AoO,phishing/malware campaign using headers fencing
2026-09-21,url,https://saisomcwakyer.y8kk2x.info/H80AoO,phishing/malware campaign using headers fencing
2026-09-21,url,https://saisomcwalyer.ddm1tk.info/H80AoO,phishing/malware campaign using headers fencing
2026-09-21,url,https://saisomcwayfer.xvf25w.info/H80AoO,phishing/malware campaign using headers fencing
2026-09-21,url,https://saisomcwfayer.8g0cia.info/H80AoO,phishing/malware campaign using headers fencing
2026-09-21,url,https://saisomcwgayer.m4a167.info/H80AoO,phishing/malware campaign using headers fencing
2026-09-21,url,https://saisomcwiayer.331bci.info/H80AoO,phishing/malware campaign using headers fencing
2026-09-21,url,https://saisomcwoayer.rt34rk.info/H80AoO,phishing/malware campaign using headers fencing
2026-09-21,url,https://saisomcwqayer.pefudgs.info/H80AoO,phishing/malware campaign using headers fencing
2026-09-21,url,https://saisomcwsayer.mcuub.info/H80AoO,phishing/malware campaign using headers fencing
2026-09-21,url,https://saisomcwuayer.azn8gq.info/H80AoO,phishing/malware campaign using headers fencing
2026-09-21,url,https://saisomcwvayer.nbvkwk.info/H80AoO,phishing/malware campaign using headers fencing
2026-09-21,url,https://saisomcwwayer.zkewftu.info/H80AoO,phishing/malware campaign using headers fencing
2026-09-21,url,https://saissodbn202607oint.j6ahnk.info/H80AoO,phishing/malware campaign using headers fencing
2026-09-21,url,https://saissodbn202607oint.u0fnd.info/H80AoO,phishing/malware campaign using headers fencing
2026-09-21,url,https://saofundful.7mgpze.info/H80AoO,phishing/malware campaign using headers fencing
2026-09-21,url,https://sasd2s.y13e97.info/H80AoO,phishing/malware campaign using headers fencing
2026-09-21,url,https://sawcostlet.mrstbye.info/H80AoO,phishing/malware campaign using headers fencing
2026-09-21,url,https://secbond.krogk6.info/H80AoO,phishing/malware campaign using headers fencing
2026-09-21,url,https://seccond.cinm32.info/H80AoO,phishing/malware campaign using headers fencing
2026-09-21,url,https://secmond.h35j83.info/H80AoO,phishing/malware campaign using headers fencing
2026-09-21,url,https://secobnd.wp1xbd.info/H80AoO,phishing/malware campaign using headers fencing
2026-09-21,url,https://secolnd.o2vhu6.info/H80AoO,phishing/malware campaign using headers fencing
2026-09-21,url,https://second.ughf5v.info/H80AoO,phishing/malware campaign using headers fencing
2026-09-21,url,https://secovnd.xvbks7.info/H80AoO,phishing/malware campaign using headers fencing
2026-09-21,url,https://secoxnd.kt07ym.info/H80AoO,phishing/malware campaign using headers fencing
2026-09-21,url,https://seczond.f26q1r.info/H80AoO,phishing/malware campaign using headers fencing
2026-09-21,url,https://sonobot.latermost.fiyws.info/H80AoO,phishing/malware campaign using headers fencing
2026-09-21,url,https://sonpros.jtqmbr.info/H80AoO,phishing/malware campaign using headers fencing
2026-09-21,url,https://sonson.hzasnoz.info/H80AoO,phishing/malware campaign using headers fencing
2026-09-21,url,https://sontich.fufdwef.info/H80AoO,phishing/malware campaign using headers fencing
2026-09-21,url,https://splanctimage.wijfawd.info/H80AoO,phishing/malware campaign using headers fencing
2026-09-21,url,https://stanni3or.iuiva.info/H80AoO,phishing/malware campaign using headers fencing
2026-09-21,url,https://stanni4or.anwqgi.info/H80AoO,phishing/malware campaign using headers fencing
2026-09-21,url,https://stanni8or.bdjxxfte.info/H80AoO,phishing/malware campaign using headers fencing
2026-09-21,url,https://stinguator.yiwqwyj.info/H80AoO,phishing/malware campaign using headers fencing
2026-09-21,url,https://studmeetacle.vkbbwrm.info/H80AoO,phishing/malware campaign using headers fencing
2026-09-21,url,https://ternson.pkkik.info/H80AoO,phishing/malware campaign using headers fencing
2026-09-21,url,https://ungulage.yvu43c.info/H80AoO,phishing/malware campaign using headers fencing
2026-09-22,email address,coffee@coffee.hzzzd.com,phishing/malware campaign using headers fencing
2026-09-22,email address,document@document.hzzzd.com,phishing/malware campaign using headers fencing
2026-09-22,email address,microwave@microwave.hzzzd.com,phishing/malware campaign using headers fencing
2026-09-22,email address,supermarket@supermarket.hzzzd.com,phishing/malware campaign using headers fencing
2026-09-22,email address,ticket@ticket.hzzzd.com,phishing/malware campaign using headers fencing
2026-09-22,hash,5a7b1ea80a08f3974cb35d07ffc7ef645962e8db573788107555941de5098d6f,phishing/malware campaign using headers fencing
2026-09-22,url,https://arthursboo-jprakutansuo.com,phishing/malware campaign using headers fencing
2026-09-22,url,https://arthursboo-jprakutansuo.com/srcode.html,phishing/malware campaign using headers fencing
2026-09-22,url,https://bcflz.com/redirect/8okpd1fra4,phishing/malware campaign using headers fencing
2026-09-22,url,https://bkbxc.com/review/CIeOAecofZ,phishing/malware campaign using headers fencing
2026-09-22,url,https://bodyjones.com/redirect/2SE2EPBQSw,phishing/malware campaign using headers fencing
2026-09-22,url,https://chengxiaoxia.com/article/87Qdz8ehvC,phishing/malware campaign using headers fencing
2026-09-22,url,https://czxbb.com/redirect/DRJ8HhTRlF,phishing/malware campaign using headers fencing
2026-09-22,url,https://download.guomeizuo.com/yuanben/e-tax%E3%82%A2%E3%83%97%E3%83%AA,phishing/malware campaign using headers fencing
2026-09-22,url,https://iegbd.com/redirect/2gkUR7L33w,phishing/malware campaign using headers fencing
2026-09-22,url,https://installerapp-jprakutansuo.com/,phishing/malware campaign using headers fencing
2026-09-22,url,https://jkswy.com/redirect/3whgm5JHVm,phishing/malware campaign using headers fencing
2026-09-22,url,https://kjzzx.com/review/AwWiUI7xg4,phishing/malware campaign using headers fencing
2026-09-22,url,https://klntz.com/redirect/1pHbox3bF6,phishing/malware campaign using headers fencing
2026-09-22,url,https://kmzzt.com/redirect/64K1fDhnbR,phishing/malware campaign using headers fencing
2026-09-22,url,https://kuivk.com/review/UqWtIxhS0W,phishing/malware campaign using headers fencing
2026-09-22,url,https://operadorlatino.com/redirect/1UyDhV5fYa,phishing/malware campaign using headers fencing
2026-09-22,url,https://rdjsp.com/redirect/7aVkEnAQFQ,phishing/malware campaign using headers fencing
2026-09-22,url,https://rfgrf.com/redirect/1Ryj0UkkM2,phishing/malware campaign using headers fencing
2026-09-22,url,https://trvrh.com/redirect/2tBEpT0QDc,phishing/malware campaign using headers fencing
2026-09-22,url,https://wmxxm.com/review/9ZAFVGSe9D,phishing/malware campaign using headers fencing
2026-09-22,url,https://yggwe.com/redirect/1XFb68B284,phishing/malware campaign using headers fencing
2026-09-23,domain,organizationname.tld,phishing/malware campaign using geofencing
2026-09-23,email address,user.name@organizationname.tld,phishing/malware campaign using geofencing
2026-09-23,url,http://sh001.webhostbox.net:2096,phishing/malware campaign using geofencing
2026-09-23,url,https://allbatta-group.com/plastic/mailer8.php,phishing/malware campaign using geofencing
2026-09-23,url,https://storage.googleapis.com/pikespeakorrbust.com/mainH.html#,phishing/malware campaign using geofencing
2026-09-24,email address,center@confirm.zhqjtls.com,phishing/malware campaign using headers fencing
2026-09-24,email address,chumon@payment.qqaer.com,phishing/malware campaign using headers fencing
2026-09-24,email address,renraku@kakunin.qqaer.com,phishing/malware campaign using headers fencing
2026-09-24,email address,support@orders.qqaer.com,phishing/malware campaign using headers fencing
2026-09-24,email address,support@ticket.hlwzz.com,phishing/malware campaign using headers fencing
2026-09-24,email address,toiawase@letter.zhqjtls.com,phishing/malware campaign using headers fencing
2026-09-24,email address,update@app.qqaer.com,phishing/malware campaign using headers fencing
2026-09-24,email address,yoyaku@uketori.qqaer.com,phishing/malware campaign using headers fencing
2026-09-24,hash,a443d346967564ec7864d3c93adb59f6d0a092aac5ce169bb95cbfe84c5efd98,phishing/malware campaign using headers fencing
2026-09-24,url,https://app.ebrafoster.com/jiayoubig/e-tax%E3%82%A2%E3%83%97%E3%83%AA,phishing/malware campaign using headers fencing
2026-09-24,url,https://arthursboo-jprakutansuo.com,phishing/malware campaign using headers fencing
2026-09-24,url,https://arthursboo-jprakutansuo.com/srcode.html,phishing/malware campaign using headers fencing
2026-09-24,url,https://babyelliesbows.com/RLXqSFvO0P.funabashi.jp,phishing/malware campaign using headers fencing
2026-09-24,url,https://baoanhenan-jp-etzax.com/,phishing/malware campaign using headers fencing
2026-09-24,url,https://bestofbuytolet.com/P7auf4m82b.okayama-city.jp,phishing/malware campaign using headers fencing
2026-09-24,url,https://francescamerlo.com/cHDWrjLzLK.kumamoto-city.jp,phishing/malware campaign using headers fencing
2026-09-24,url,https://jeblasoluciones.com/N94OA1EXir.niigata-city.jp,phishing/malware campaign using headers fencing
2026-09-24,url,https://parentingspirit.com/hI1ntSbNT5.kumamoto-city.jp,phishing/malware campaign using headers fencing
2026-09-24,url,https://topicaltalks.com/9MNrThw1S7.yokohama.com,phishing/malware campaign using headers fencing
